date,ticker,action,setup,score,entry,stop,t1,t2,t3,reason,close,atr14,chart
2026-10-08,0026.HK,BUY,A,70,57.900001525878906,57.374043328405754,60.20918807286227,61.491360127500144,62.77353218213802,Reversal near channel support,57.900001525878906,0.2708006351807603,outputs/charts/0026.HK_2026-10-08.png
2026-10-08,2886.HK,BUY,C,65,1.149999976158142,1.0866848410002015,1.2007724181182864,1.2515448600784307,1.302317302038575,Breakout above channel upper,1.149999976158142,0.019580639369042696,outputs/charts/2886.HK_2026-10-08.png
2026-10-08,6885.HK,SELL,B,65,0.5699999928474426,0.6093068799952991,0.40321292415176213,0.3191012698022475,0.2349896154527329,Reversal near channel resistance,0.5699999928474426,0.0378706471445077,outputs/charts/6885.HK_2026-10-08.png
2026-10-08,0031.HK,SELL,D,60,0.4399999976158142,0.4706683787709403,0.30246166078101216,0.16492332394621012,0.027384987111408077,Breakdown below channel lower,0.4399999976158142,0.014686326190946633,outputs/charts/0031.HK_2026-10-08.png
2026-10-08,0713.HK,SELL,B,60,0.3100000023841858,0.33323605705544074,0.2977556854614989,0.2832116299317708,0.2686675744020427,Reversal near channel resistance,0.3100000023841858,0.006392260534485657,outputs/charts/0713.HK_2026-10-08.png
2026-10-08,0869.HK,SELL,B,60,0.4699999988079071,0.49416240968134467,0.45733241759277454,0.44224116808790226,0.42714991858303003,Reversal near channel resistance,0.4699999988079071,0.006647493078825595,outputs/charts/0869.HK_2026-10-08.png
2026-10-08,3315.HK,SELL,B,60,0.5899999737739563,0.5994514227702221,0.5312977604092745,0.5033768520598014,0.4754559437103285,Reversal near channel resistance,0.5899999737739563,0.012311845662001712,outputs/charts/3315.HK_2026-10-08.png
2026-10-08,0128.HK,BUY,C,55,0.47999998927116394,0.28714287068162647,0.47999998927116394,0.479999989271164,0.47999998927116405,Breakout above channel upper,0.47999998927116394,0.012857141239302499,outputs/charts/0128.HK_2026-10-08.png
2026-10-08,0580.HK,SELL,D,55,1.1200000047683716,1.3554006170026502,0.3292433151715375,-0.4615133744252966,-1.252270064022131,Breakdown below channel lower,1.1200000047683716,0.06083293658143148,outputs/charts/0580.HK_2026-10-08.png
2026-10-08,0822.HK,SELL,D,55,0.29499998688697815,0.3269853382366917,0.23436324503082,0.17372650317466187,0.11308976131850373,Breakdown below channel lower,0.29499998688697815,0.010866116372661366,outputs/charts/0822.HK_2026-10-08.png
2026-10-08,0833.HK,SELL,D,55,0.4950000047683716,0.7366391630627828,0.09953150871276656,-0.29593698734283846,-0.6914054833984435,Breakdown below channel lower,0.4950000047683716,0.03192002668872115,outputs/charts/0833.HK_2026-10-08.png
2026-10-08,1345.HK,SELL,D,55,2.075000047683716,2.121255009662092,1.970194228426502,1.865388409169288,1.7605825899120742,Breakdown below channel lower,2.075000047683716,0.02366487931624715,outputs/charts/1345.HK_2026-10-08.png
2026-10-08,3700.HK,SELL,D,55,0.6650000214576721,0.96492377115446,0.2620449394359261,-0.1409101425858199,-0.5438652246075659,Breakdown below channel lower,0.6650000214576721,0.04170134513168038,outputs/charts/3700.HK_2026-10-08.png
2026-10-08,9908.HK,SELL,D,55,7.789999961853027,8.055709453918872,7.349389748180517,6.908779534508007,6.4681693208354964,Breakdown below channel lower,7.789999961853027,0.11847322576660914,outputs/charts/9908.HK_2026-10-08.png
2026-10-08,0088.HK,SELL,D,45,2.9549999237060547,3.132350262703096,2.731282761696927,2.507565599687799,2.283848437678671,Breakdown below channel lower,2.9549999237060547,0.048930137267465854,outputs/charts/0088.HK_2026-10-08.png
2026-10-08,0240.HK,SELL,D,45,1.350000023841858,1.3888737028322784,1.1663753124678962,0.9827506010939344,0.7991258897199727,Breakdown below channel lower,1.350000023841858,0.016571201640543747,outputs/charts/0240.HK_2026-10-08.png
2026-10-08,0259.HK,SELL,D,45,2.700000047683716,3.0460241491941753,1.4330217749653038,0.1660435022468918,-1.10093477047152,Breakdown below channel lower,2.700000047683716,0.10599210227647826,outputs/charts/0259.HK_2026-10-08.png
2026-10-08,0460.HK,BUY,A,45,0.7049999833106995,0.564237238959995,0.811107797440215,0.9200490468484133,1.0289902962566115,Reversal near channel support,0.7049999833106995,0.02898805966382343,outputs/charts/0460.HK_2026-10-08.png
2026-10-08,0486.HK,BUY,A,45,2.740000009536743,2.1592514315641655,3.2808207039602184,3.8006099756249974,4.320399247289776,Reversal near channel support,2.740000009536743,0.08199072906649477,outputs/charts/0486.HK_2026-10-08.png
2026-10-08,0533.HK,BUY,A,45,0.8149999976158142,0.7726923243893331,0.8484160341875462,0.8795463110927902,0.9106765879980343,Reversal near channel support,0.8149999976158142,0.013463155987725017,outputs/charts/0533.HK_2026-10-08.png
2026-10-08,0556.HK,SELL,D,45,0.3149999976158142,0.39668181098110256,0.14804382008074102,-0.018912357454332174,-0.18586853498940537,Breakdown below channel lower,0.3149999976158142,0.026151497826195632,outputs/charts/0556.HK_2026-10-08.png
2026-10-08,1001.HK,SELL,D,45,0.36000001430511475,0.3691365552921844,0.32414817714770455,0.28829633999029436,0.25244450283288417,Breakdown below channel lower,0.36000001430511475,0.003059336478941917,outputs/charts/1001.HK_2026-10-08.png
2026-10-08,1123.HK,BUY,C,45,0.13500000536441803,0.12313864406229551,0.14473498916630637,0.1544699729681947,0.16420495677008304,Breakout above channel upper,0.13500000536441803,0.002296293332653455,outputs/charts/1123.HK_2026-10-08.png
2026-10-08,1260.HK,SELL,D,45,0.36000001430511475,0.379189539311983,0.29543484398680797,0.2308696736685012,0.16630450335019442,Breakdown below channel lower,0.36000001430511475,0.015357303052799576,outputs/charts/1260.HK_2026-10-08.png
2026-10-08,1571.HK,SELL,D,45,3.509999990463257,3.766479012970559,3.1157132406222274,2.7214264907811985,2.3271397409401695,Breakdown below channel lower,3.509999990463257,0.06837487784120844,outputs/charts/1571.HK_2026-10-08.png
2026-10-08,1672.HK,SELL,D,45,7.545000076293945,8.412773585390871,4.005670672330066,0.46634126836618606,-3.0729881355976936,Breakdown below channel lower,7.545000076293945,0.713001071913743,outputs/charts/1672.HK_2026-10-08.png
2026-10-08,1763.HK,SELL,D,45,12.890000343322754,14.29634858953178,11.05968716889272,9.229373994462687,7.399060820032654,Breakdown below channel lower,12.890000343322754,0.5849872246446662,outputs/charts/1763.HK_2026-10-08.png
2026-10-08,1900.HK,SELL,D,45,0.1459999978542328,0.15574227457512305,0.09312464131018375,0.04024928476613471,-0.012626071777914333,Breakdown below channel lower,0.1459999978542328,0.006659099755857117,outputs/charts/1900.HK_2026-10-08.png
2026-10-08,1905.HK,BUY,C,45,1.2000000476837158,0.8942853915287856,1.280572965480414,1.3611458832771124,1.4417188010738107,Breakout above channel upper,1.2000000476837158,0.04393619197633612,outputs/charts/1905.HK_2026-10-08.png
2026-10-08,2199.HK,BUY,C,45,2.384999990463257,2.2170132705282364,2.706600595822466,3.028201201181675,3.349801806540884,Breakout above channel upper,2.384999990463257,0.13314143345069934,outputs/charts/2199.HK_2026-10-08.png
2026-10-08,6996.HK,SELL,D,45,3.309999942779541,3.733588067320352,1.918652804802981,0.5273056668264209,-0.8640414711501396,Breakdown below channel lower,3.309999942779541,0.23172885274172275,outputs/charts/6996.HK_2026-10-08.png
2026-10-08,0071.HK,BUY,A,40,9.75,9.669506580395833,10.094651359548934,10.263251401374102,10.431851443199273,Reversal near channel support,9.75,0.08794469550276211,outputs/charts/0071.HK_2026-10-08.png
2026-10-08,0212.HK,BUY,A,40,28.799999237060547,27.994434175821315,29.216254187991993,29.79480330067619,30.373352413360386,Reversal near channel support,28.799999237060547,0.06472178680228645,outputs/charts/0212.HK_2026-10-08.png
2026-10-08,1075.HK,BUY,C,40,1.6799999475479126,1.5409364593630501,1.9661300128126236,2.2522600780773345,2.5383901433420455,Breakout above channel upper,1.6799999475479126,0.02023861901846678,outputs/charts/1075.HK_2026-10-08.png
2026-10-08,2170.HK,BUY,C,40,1.2400000095367432,1.109261987802781,1.4207004890457118,1.6014009685546804,1.782101448063649,Breakout above channel upper,1.2400000095367432,0.04122890823604582,outputs/charts/2170.HK_2026-10-08.png
2026-10-08,8033.HK,BUY,A,40,0.10000000149011612,0.09245679701033156,0.10491023232661262,0.11019297066655995,0.11547570900650728,Reversal near channel support,0.10000000149011612,0.0018879586363863927,outputs/charts/8033.HK_2026-10-08.png
2026-10-08,0635.HK,BUY,C,35,0.5,0.48483849505012,0.5261489101966497,0.5522978203932993,0.578446730589949,Breakout above channel upper,0.5,0.003222781814882655,outputs/charts/0635.HK_2026-10-08.png
2026-10-08,0029.HK,BUY,A,30,8.885000228881836,8.38644294324517,9.191492014661435,9.469116130726867,9.7467402467923,Reversal near channel support,8.885000228881836,0.24980083928540073,outputs/charts/0029.HK_2026-10-08.png
2026-10-08,0050.HK,BUY,A,30,4.699999809265137,4.687927790502803,5.039017577241137,5.190450098806286,5.341882620371435,Reversal near channel support,4.699999809265137,0.048224743608035664,outputs/charts/0050.HK_2026-10-08.png
2026-10-08,0289.HK,BUY,A,30,12.829999923706055,12.780548197301714,13.901823962577998,14.3842460049208,14.866668047263605,Reversal near channel support,12.829999923706055,0.15643168059067716,outputs/charts/0289.HK_2026-10-08.png
2026-10-08,0435.HK,BUY,A,30,2.049999952316284,2.0298164450074885,2.2699577812458966,2.376181381030423,2.48240498081495,Reversal near channel support,2.049999952316284,0.027694136669354923,outputs/charts/0435.HK_2026-10-08.png
2026-10-08,0778.HK,BUY,A,30,4.269999980926514,4.2152213903935385,4.549171348664224,4.682481013323088,4.815790677981951,Reversal near channel support,4.269999980926514,0.0673306289529579,outputs/charts/0778.HK_2026-10-08.png
2026-10-08,0878.HK,BUY,A,30,6.03000020980835,5.991978628501074,6.476928601850515,6.693480643073963,6.910032684297412,Reversal near channel support,6.03000020980835,0.05184589090254429,outputs/charts/0878.HK_2026-10-08.png
2026-10-08,1981.HK,BUY,A,30,0.6499999761581421,0.5737304662469598,0.6986683258963342,0.7509088097633272,0.8031492936303201,Reversal near channel support,0.6499999761581421,0.02045689191538871,outputs/charts/1981.HK_2026-10-08.png
2026-10-08,2488.HK,BUY,A,30,6.900000095367432,6.354277565384233,7.2296814026852765,7.582462354920528,7.935243307155781,Reversal near channel support,6.900000095367432,0.16984193283053967,outputs/charts/2488.HK_2026-10-08.png
2026-10-08,9888.HK,BUY,A,30,82.1500015258789,78.81076485314195,101.10165874818163,110.83518401336326,120.5687092785449,Reversal near channel support,82.1500015258789,2.8238433646764207,outputs/charts/9888.HK_2026-10-08.png
2026-10-08,0184.HK,SELL,D,25,2.299999952316284,2.372270493904398,2.150391940553876,2.000783928791468,1.8511759170290598,Breakdown below channel lower,2.299999952316284,0.018450338638915206,outputs/charts/0184.HK_2026-10-08.png
2026-10-08,0298.HK,BUY,C,25,0.09600000083446503,0.09372924248591427,0.10782533288616943,0.11965066493787382,0.13147599698957824,Breakout above channel upper,0.09600000083446503,0.0006463275522063081,outputs/charts/0298.HK_2026-10-08.png
2026-10-08,0603.HK,BUY,C,25,0.11999999731779099,0.1031948687007823,0.16455030550877545,0.2091006136997599,0.25365092189074434,Breakout above channel upper,0.11999999731779099,0.004559961342466521,outputs/charts/0603.HK_2026-10-08.png
2026-10-08,0655.HK,SELL,D,25,0.3799999952316284,0.4569651350711424,0.29334974258490054,0.20669948993817266,0.12004923729144479,Breakdown below channel lower,0.3799999952316284,0.013894307604946848,outputs/charts/0655.HK_2026-10-08.png
2026-10-08,0754.HK,BUY,C,25,2.640000104904175,2.5692542104919913,2.7136652926701794,2.787330480436184,2.8609956682021886,Breakout above channel upper,2.640000104904175,7.190786335848831e-06,outputs/charts/0754.HK_2026-10-08.png
2026-10-08,0954.HK,BUY,C,25,0.2849999964237213,0.23247989115914075,0.319134090045512,0.3532681836673027,0.38740227728909343,Breakout above channel upper,0.2849999964237213,0.007802311428753193,outputs/charts/0954.HK_2026-10-08.png
2026-10-08,1419.HK,BUY,C,25,0.7900000214576721,0.7589964930289624,0.8333801695166216,0.8767603175755712,0.9201404656345207,Breakout above channel upper,0.7900000214576721,0.014470024996493091,outputs/charts/1419.HK_2026-10-08.png
2026-10-08,1951.HK,BUY,C,25,2.2300000190734863,2.0826221143547285,2.4382156546666374,2.6464312902597884,2.8546469258529394,Breakout above channel upper,2.2300000190734863,0.08219222786095938,outputs/charts/1951.HK_2026-10-08.png
2026-10-08,2136.HK,BUY,C,25,0.5649999976158142,0.5118675447994127,0.6283076710411126,0.691615344466411,0.7549230178917095,Breakout above channel upper,0.5649999976158142,0.013200834770896832,outputs/charts/2136.HK_2026-10-08.png
2026-10-08,2210.HK,BUY,C,25,2.0,1.739456993872911,2.2165434383511684,2.4330868767023364,2.6496303150535043,Breakout above channel upper,2.0,0.04780274463670121,outputs/charts/2210.HK_2026-10-08.png
2026-10-08,2356.HK,SELL,D,25,13.710000038146973,14.623650492664387,12.490324424139791,11.27064881013261,10.050973196125428,Breakdown below channel lower,13.710000038146973,0.44926138403407134,outputs/charts/2356.HK_2026-10-08.png
2026-10-08,2566.HK,BUY,C,25,5.644999980926514,4.586202935613095,6.648600159129009,7.652200337331504,8.655800515533999,Breakout above channel upper,5.644999980926514,0.178540119504545,outputs/charts/2566.HK_2026-10-08.png
2026-10-08,2573.HK,BUY,C,25,4.894999980926514,4.677283617362324,6.240117927110191,7.585235873293868,8.930353819477546,Breakout above channel upper,4.894999980926514,0.15226956197710403,outputs/charts/2573.HK_2026-10-08.png
