date,ticker,close,regime,ma50,ma250,ma_cross_type,ma_cross_days_ago,low_52w,dist_from_52w_low_pct,near_52w_low_bucket,vol_ratio_20,vol_spike,rsi_divergences,channel_upper,channel_upper_mid,channel_mid,channel_lower_mid,channel_lower,atr14,chart
2026-10-08,0026.HK,57.900001525878906,Bull,58.57200004577637,58.55980009460449,Golden,10,55.0,5.272730047052557,<=10%,0.0,False,,62.77353218213802,61.491360127500144,60.20918807286227,58.92701601822439,57.64484396358652,0.2708006351807603,outputs/charts/0026.HK_2026-10-08.png
2026-10-08,0028.HK,3.2100000381469727,Bear,3.3952999782562254,4.1509400024414065,,,3.1700000762939453,1.26182841925327,<=10%,0.13201818078946873,False,,3.44924245285502,3.3319604243982894,3.2146783959415592,3.097396367484829,2.9801143390280984,0.07170939163743999,outputs/charts/0028.HK_2026-10-08.png
2026-10-08,0029.HK,8.885000228881836,Bear,9.252499980926514,11.079580013275146,,,8.65999984741211,2.5981568756835953,<=10%,0.45981805984696267,False,,9.7467402467923,9.469116130726867,9.191492014661435,8.913867898596003,8.63624378253057,0.24980083928540073,outputs/charts/0029.HK_2026-10-08.png
2026-10-08,0031.HK,0.4399999976158142,Bear,0.48269999742507935,0.5702800011634827,,,0.42500001192092896,3.5294082997992935,<=10%,0.35500471004056083,False,Bearish RSI6,0.7310587262495978,0.6622895578321968,0.5935203894147958,0.5247512209973948,0.4559820525799937,0.014686326190946633,outputs/charts/0031.HK_2026-10-08.png
2026-10-08,0050.HK,4.699999809265137,Bear,4.848899984359742,4.9313400287628175,,,4.619999885559082,1.7316001231106875,<=10%,0.4649202674623454,False,,5.341882620371435,5.190450098806286,5.039017577241137,4.887585055675988,4.736152534110839,0.048224743608035664,outputs/charts/0050.HK_2026-10-08.png
2026-10-08,0064.HK,3.880000114440918,Bull,3.8105999851226806,3.271519983291626,,,2.890000104904175,34.256054449851625,,0.8792780681882545,False,,4.22038277731331,4.11053189625237,4.000681015191431,3.8908301341304923,3.780979253069553,0.023591742236604644,outputs/charts/0064.HK_2026-10-08.png
2026-10-08,0071.HK,9.75,Bear,10.011500072479247,10.31958002090454,,,9.510000228881836,2.52365683850654,<=10%,2.3560070654034106,True,,10.431851443199273,10.263251401374102,10.094651359548934,9.926051317723765,9.757451275898594,0.08794469550276211,outputs/charts/0071.HK_2026-10-08.png
2026-10-08,0085.HK,0.7699999809265137,Bear,0.8532000017166138,1.1889599993228912,,,0.7699999809265137,0.0,<=10%,1.8769679371730315,False,,0.8169649945344934,0.7807051372709707,0.7444452800074479,0.7081854227439252,0.6719255654804024,0.021750137663650318,outputs/charts/0085.HK_2026-10-08.png
2026-10-08,0088.HK,2.9549999237060547,Bear,3.226099991798401,3.543500015258789,,,2.944999933242798,0.3395582577227989,<=10%,0.6488831485046334,False,,3.530854449453886,3.418995868449322,3.3071372874447578,3.195278706440194,3.08342012543563,0.048930137267465854,outputs/charts/0088.HK_2026-10-08.png
2026-10-08,0099.HK,1.2300000190734863,Bear,1.2127000141143798,1.2878200092315675,,,0.9200000166893005,33.695651821806216,,1.064039408866995,False,,1.2725712318749731,1.1805243204859546,1.088477409096936,0.9964304977079175,0.9043835863188989,0.05779655145455942,outputs/charts/0099.HK_2026-10-08.png
2026-10-08,0117.HK,3.369999885559082,Bull,3.1450000047683715,1.7825200077295302,,,0.2800000011920929,1103.5713825754974,,0.32875686361597717,False,,10.212698624179202,8.554188778397627,6.895678932616054,5.23716908683448,3.5786592410529057,0.35179146094659675,outputs/charts/0117.HK_2026-10-08.png
2026-10-08,0128.HK,0.47999998927116394,Bull,0.30360001146793364,0.30072001183032987,,,0.30000001192092896,59.99999006589293,,20.0,True,,0.30000001192092896,0.30000001192092896,0.30000001192092896,0.30000001192092896,0.3000000119209289,0.012857141239302499,outputs/charts/0128.HK_2026-10-08.png
2026-10-08,0160.HK,0.6449999809265137,Bear,0.685099995136261,0.9019399948120117,,,0.6399999856948853,0.7812492724042223,<=10%,4.880894506562956,True,,0.6600548507508306,0.6134490708390743,0.566843290927318,0.5202375110155617,0.4736317311038054,0.0081897284934235,outputs/charts/0160.HK_2026-10-08.png
2026-10-08,0173.HK,1.8899999856948853,Bear,2.0262999987602233,2.203619992733002,,,1.8200000524520874,3.846150067330322,<=10%,1.6598493801486633,False,,2.37072042231691,2.237000330706352,2.103280239095795,1.9695601474852376,1.8358400558746801,0.04321996176729463,outputs/charts/0173.HK_2026-10-08.png
2026-10-08,0184.HK,2.299999952316284,Bull,2.3645999908447264,2.2899599990844726,,,2.069999933242798,11.111112390867348,<=20%,3.4009674158094505,True,,2.653036178790299,2.578232172909095,2.503428167027891,2.428624161146687,2.353820155265483,0.018450338638915206,outputs/charts/0184.HK_2026-10-08.png
2026-10-08,0212.HK,28.799999237060547,Bear,28.60600028991699,29.34752005004883,,,26.5,8.679242404002064,<=10%,5.6,True,,30.373352413360386,29.79480330067619,29.216254187991993,28.6377050753078,28.059155962623603,0.06472178680228645,outputs/charts/0212.HK_2026-10-08.png
2026-10-08,0216.HK,0.42500001192092896,Bear,0.46029999732971194,0.5682200028896331,,,0.42500001192092896,0.0,<=10%,0.425531914893617,False,,0.4469847606580455,0.4206856687303114,0.39438657680257727,0.36808748487484316,0.34178839294710905,0.0030592767849585943,outputs/charts/0216.HK_2026-10-08.png
2026-10-08,0228.HK,0.8799999952316284,Bear,0.8983999979496002,1.3758400027751923,,,0.6150000095367432,43.0894279000906,,0.4549041451979761,False,"Bullish RSI6, Bullish RSI12, Bullish RSI24",0.9165179609712775,0.8282831880775785,0.7400484151838795,0.6518136422901806,0.5635788693964816,0.04827520136127678,outputs/charts/0228.HK_2026-10-08.png
2026-10-08,0240.HK,1.350000023841858,Bear,1.4155000138282776,1.5239399967193603,,,1.3200000524520874,2.2727250149756664,<=10%,1.2024048096192386,False,,1.7395519239396582,1.6477395682526774,1.5559272125656964,1.4641148568787155,1.3723025011917347,0.016571201640543747,outputs/charts/0240.HK_2026-10-08.png
2026-10-08,0258.HK,2.0950000286102295,Bear,2.1468999910354616,2.4134199953079225,,,1.9600000381469727,6.887754481417704,<=10%,0.4620286776420605,False,,2.2527166237811165,2.1755740266258377,2.0984314294705584,2.021288832315279,1.9441462351600003,0.0627370965265836,outputs/charts/0258.HK_2026-10-08.png
2026-10-08,0259.HK,2.700000047683716,Bear,2.9688000011444093,3.710599997520447,,,2.6600000858306885,1.5037579158775027,<=10%,0.703012912482066,False,,5.473988592354521,4.840499455995316,4.207010319636109,3.5735211832769034,2.9400320469176973,0.10599210227647826,outputs/charts/0259.HK_2026-10-08.png
2026-10-08,0289.HK,12.829999923706055,Bear,13.174000091552735,13.76036000442505,,,12.5,2.6399993896484375,<=10%,1.9879518072289157,False,,14.866668047263605,14.3842460049208,13.901823962577998,13.419401920235195,12.93697987789239,0.15643168059067716,outputs/charts/0289.HK_2026-10-08.png
2026-10-08,0298.HK,0.09600000083446503,Bear,0.0960800002515316,0.10879200011491776,,,0.09099999815225601,5.49450855355326,<=10%,0.0,False,,0.09437557003812058,0.08846290401226839,0.08255023798641618,0.07663757196056398,0.07072490593471178,0.0006463275522063081,outputs/charts/0298.HK_2026-10-08.png
2026-10-08,0357.HK,3.825000047683716,Bear,5.0646000003814695,7.428999996185302,,,3.7850000858306885,1.0568021385988584,<=10%,0.6942924159499609,False,,3.939392990206951,3.4128373612733087,2.8862817323396666,2.3597261034060244,1.8331704744723822,0.24023445505554647,outputs/charts/0357.HK_2026-10-08.png
2026-10-08,0373.HK,1.9800000190734863,Bear,2.117800009250641,2.480639998912811,,,1.9199999570846558,3.1250032984341924,<=10%,0.11900529424802786,False,,2.702839088443343,2.481587187264293,2.260335286085244,2.0390833849061947,1.8178314837271454,0.048817988076684964,outputs/charts/0373.HK_2026-10-08.png
2026-10-08,0434.HK,3.0,Bear,2.8002000141143797,3.252759999752045,,,1.909999966621399,57.06806557210068,,0.8546829561168398,False,,3.506549356988774,3.1340561024022655,2.7615628478157577,2.3890695932292494,2.016576338642741,0.18613937900785707,outputs/charts/0434.HK_2026-10-08.png
2026-10-08,0435.HK,2.049999952316284,Bear,2.1762000036239626,2.312479989051819,,,2.0,2.499997615814209,<=10%,0.779727704302336,False,,2.48240498081495,2.376181381030423,2.2699577812458966,2.16373418146137,2.0575105816768433,0.027694136669354923,outputs/charts/0435.HK_2026-10-08.png
2026-10-08,0460.HK,0.7049999833106995,Bear,0.7972000014781951,1.188960001707077,,,0.6850000023841858,2.919705234584303,<=10%,1.8023016193968415,False,"Bullish RSI6, Bullish RSI12, Bullish RSI24",1.0289902962566115,0.9200490468484133,0.811107797440215,0.7021665480320167,0.5932252986238185,0.02898805966382343,outputs/charts/0460.HK_2026-10-08.png
2026-10-08,0480.HK,0.9850000143051147,Bear,1.0236999988555908,1.0988600029945375,,,0.9399999976158142,4.787235830152887,<=10%,1.9296428674793773,False,,0.9957432922434626,0.9538810080701905,0.9120187238969185,0.8701564397236465,0.8282941555503744,0.01993305474262343,outputs/charts/0480.HK_2026-10-08.png
2026-10-08,0486.HK,2.740000009536743,Bear,2.969199981689453,4.110880000114441,,,2.700000047683716,1.4814800424667633,<=10%,0.09234457686271998,False,"Bullish RSI6, Bullish RSI12, Bullish RSI24",4.320399247289776,3.8006099756249974,3.2808207039602184,2.7610314322954395,2.2412421606306605,0.08199072906649477,outputs/charts/0486.HK_2026-10-08.png
2026-10-08,0517.HK,6.800000190734863,Bull,6.296200008392334,6.272400012969971,Golden,1,5.21999979019165,30.26820812353335,,1.5581885843901628,False,,7.443116598747387,7.023281712991608,6.603446827235828,6.1836119414800494,5.763777055724271,0.14425019154672167,outputs/charts/0517.HK_2026-10-08.png
2026-10-08,0532.HK,0.30000001192092896,Bear,0.30700000286102297,0.34389999878406524,,,0.24199999868869781,23.966947746491837,,0.6969797543976104,False,,0.45242329404566073,0.412872692277809,0.3733220905099573,0.3337714887421056,0.29422088697425386,0.01367870890885327,outputs/charts/0532.HK_2026-10-08.png
2026-10-08,0533.HK,0.8149999976158142,Bear,0.870999994277954,0.9478000004291535,,,0.800000011920929,1.8749981839210066,<=10%,0.6827052553350165,False,"Bullish RSI6, Bullish RSI12",0.9106765879980343,0.8795463110927902,0.8484160341875462,0.8172857572823021,0.7861554803770581,0.013463155987725017,outputs/charts/0533.HK_2026-10-08.png
2026-10-08,0546.HK,4.355000019073486,Bear,4.7898000049591065,6.856039991378784,,,4.215000152587891,3.321467649286792,<=10%,0.9578600172525955,False,"Bullish RSI6, Bullish RSI12, Bullish RSI24",5.5810343077118905,5.078561387966829,4.576088468221767,4.073615548476704,3.571142628731643,0.11652480601826767,outputs/charts/0546.HK_2026-10-08.png
2026-10-08,0556.HK,0.3149999976158142,Bear,0.4248000001907349,0.546199998140335,,,0.3100000023841858,1.6129016752173695,<=10%,0.7275953859804791,False,,0.7044426682250533,0.6209645794575167,0.5374864906899801,0.4540084019224435,0.3705303131549069,0.026151497826195632,outputs/charts/0556.HK_2026-10-08.png
2026-10-08,0580.HK,1.1200000047683716,Bear,1.3216000056266786,1.875120002269745,,,1.100000023841858,1.8181800448205245,<=10%,4.257267596635076,True,,2.876081059614887,2.48070271481647,2.0853243700180526,1.6899460252196357,1.2945676804212187,0.06083293658143148,outputs/charts/0580.HK_2026-10-08.png
2026-10-08,0595.HK,1.0800000429153442,Bull,1.231799988746643,0.806259998202324,,,0.36500000953674316,195.89041498548914,,1.04689760830709,False,,2.6243784664978125,2.2943903709405493,1.9644022753832862,1.634414179826023,1.3044260842687598,0.048613771711502295,outputs/charts/0595.HK_2026-10-08.png
2026-10-08,0603.HK,0.11999999731779099,Bear,0.12159999966621399,0.15991999992728234,,,0.11100000143051147,8.108104298461395,<=10%,1.6786502384417779,False,,0.10775483004324882,0.08547967594775659,0.06320452185226436,0.040929367756772125,0.018654213661279895,0.004559961342466521,outputs/charts/0603.HK_2026-10-08.png
2026-10-08,0609.HK,1.0850000381469727,Bear,1.0535999846458435,1.3027199959754945,,,1.0,8.500003814697266,<=10%,0.10989010989010989,False,,1.196723714297426,1.1279750870302896,1.059226459763153,0.9904778324960166,0.9217292052288801,0.018459023636686445,outputs/charts/0609.HK_2026-10-08.png
2026-10-08,0635.HK,0.5,Bear,0.4888999998569489,0.5011999965906143,,,0.44999998807907104,11.111114054550438,<=20%,2.618745407174828,True,,0.48806127686500267,0.47498682176667784,0.461912366668353,0.44883791157002817,0.43576345647170334,0.003222781814882655,outputs/charts/0635.HK_2026-10-08.png
2026-10-08,0655.HK,0.3799999952316284,Bull,0.4292999982833862,0.3530239988565445,,,0.23800000548362732,59.66385986397369,,7.8844182119154205,True,,0.6163713327596513,0.5730462064362873,0.5297210801129234,0.48639595378955947,0.4430708274661955,0.013894307604946848,outputs/charts/0655.HK_2026-10-08.png
2026-10-08,0672.HK,0.07100000232458115,Bear,0.07824000000953674,0.10343199962377549,,,0.06599999964237213,7.575761680760682,<=10%,1.4596674530951579,False,,0.07329078406517159,0.06730751621261401,0.06132424836005643,0.055340980507498846,0.049357712654941266,0.007048711460030327,outputs/charts/0672.HK_2026-10-08.png
2026-10-08,0677.HK,0.35499998927116394,Bull,0.3638999998569489,0.3520199966430664,,,0.33500000834465027,5.970143411440622,<=10%,1.3187385978629138,False,,0.36776413980679395,0.36130039346909915,0.3548366471314044,0.3483729007937096,0.3419091544560148,0.011016760951378757,outputs/charts/0677.HK_2026-10-08.png
2026-10-08,0679.HK,3.7049999237060547,Bull,4.855299968719482,4.628219965696335,,,0.8999999761581421,311.6666690950041,,1.1660399489426294,False,,23.816963370575767,19.777238971815365,15.737514573054964,11.697790174294564,7.658065775534162,0.4865731647270325,outputs/charts/0679.HK_2026-10-08.png
2026-10-08,0713.HK,0.3100000023841858,Bear,0.333000003695488,0.391579999089241,,,0.30000001192092896,3.3333300219643105,<=10%,2.489740082079343,True,,0.3268437965209551,0.312299740991227,0.2977556854614989,0.2832116299317708,0.2686675744020427,0.006392260534485657,outputs/charts/0713.HK_2026-10-08.png
2026-10-08,0717.HK,0.05700000002980232,Bear,0.06450000010430813,0.08595200018584728,,,0.054999999701976776,3.636364252114102,<=10%,2.603871668541723,True,,0.06971986116053347,0.0656816080167977,0.061643354873061953,0.057605101729326195,0.05356684858559044,0.0026545172761636413,outputs/charts/0717.HK_2026-10-08.png
2026-10-08,0725.HK,0.949999988079071,Bull,0.977099997997284,0.8928199963569641,,,0.7300000190734863,30.13698126813859,,0.1864801864801865,False,,1.6270304759094074,1.4708881661517017,1.314745856393996,1.1586035466362903,1.0024612368785843,0.018932115838759627,outputs/charts/0725.HK_2026-10-08.png
2026-10-08,0746.HK,4.445000171661377,Bear,4.5417000102996825,5.014500003814697,,,4.110000133514404,8.150852244876177,<=10%,1.1526881720430107,False,,4.894760850598345,4.619798848124636,4.344836845650926,4.069874843177216,3.794912840703506,0.1127902078197283,outputs/charts/0746.HK_2026-10-08.png
2026-10-08,0754.HK,2.640000104904175,Bear,2.640000104904175,2.870240056991577,,,2.609999895095825,1.1494333721897778,<=10%,0.0,False,,2.569261401278327,2.5324288073953247,2.4955962135123224,2.45876361962932,2.421931025746318,7.190786335848831e-06,outputs/charts/0754.HK_2026-10-08.png
2026-10-08,0778.HK,4.269999980926514,Bear,4.4899999713897705,4.840759998321533,,,4.195000171661377,1.7878380499668487,<=10%,1.4299736349566328,False,,4.815790677981951,4.682481013323088,4.549171348664224,4.41586168400536,4.282552019346497,0.0673306289529579,outputs/charts/0778.HK_2026-10-08.png
2026-10-08,0806.HK,1.875,Bear,2.016700007915497,2.2303799986839294,,,1.8049999475479126,3.8781193621186683,<=10%,2.6216345944058994,True,,2.3898877067759634,2.254430556657507,2.118973406539051,1.9835162564205948,1.8480591063021388,0.05439345512384897,outputs/charts/0806.HK_2026-10-08.png
2026-10-08,0818.HK,0.32499998807907104,Bear,0.33780000150203704,0.44213999903202056,,,0.30000001192092896,8.333325054910777,<=10%,0.395788405429405,False,,0.3349691209819795,0.3158202351331773,0.2966713492843751,0.2775224634355729,0.2583735775867707,0.012764840709838125,outputs/charts/0818.HK_2026-10-08.png
2026-10-08,0819.HK,3.674999952316284,Bear,4.307400016784668,6.457320001602173,,,3.6449999809265137,0.8230444868793905,<=10%,0.8459287895034233,False,,3.8973227976387896,3.579033140418598,3.2607434831984063,2.9424538259782147,2.624164168758023,0.12343618466183329,outputs/charts/0819.HK_2026-10-08.png
2026-10-08,0822.HK,0.29499998688697815,Bear,0.3301000040769577,0.3507600003480911,Death,14,0.25999999046325684,13.461537579812916,<=20%,0.5588020835556576,False,,0.4373927055763466,0.4070743346482675,0.37675596372018844,0.3464375927921094,0.3161192218640303,0.010866116372661366,outputs/charts/0822.HK_2026-10-08.png
2026-10-08,0823.HK,36.81999969482422,Bull,38.23359992980957,37.942319854736326,,,34.119998931884766,7.913249846020165,<=10%,0.6755013183822048,False,,43.06797211730834,41.69576473521736,40.32355735312638,38.951349971035405,37.57914258894443,0.5644934887612636,outputs/charts/0823.HK_2026-10-08.png
2026-10-08,0831.HK,0.38499999046325684,Bull,0.38619999766349794,0.35179999792575833,,,0.3149999976158142,22.222220119765602,,0.8210180623973727,False,,0.39759914303171884,0.38418010032899774,0.3707610576262766,0.35734201492355544,0.34392297222083434,0.009728400498471831,outputs/charts/0831.HK_2026-10-08.png
2026-10-08,0833.HK,0.4950000047683716,Bear,0.6562999999523162,0.6945400013923645,Death,6,0.4749999940395355,4.2105286273269735,<=10%,0.9904902399831406,False,,1.4956561284852716,1.2979218804574693,1.1001876324296667,0.9024533844018641,0.7047191363740616,0.03192002668872115,outputs/charts/0833.HK_2026-10-08.png
2026-10-08,0848.HK,0.17499999701976776,Bear,0.11251999974250794,0.11965600007772445,,,0.09399999678134918,86.17021597014568,,0.694517062288682,False,,0.10437279978590502,0.09905977700818935,0.09374675423047368,0.08843373145275801,0.08312070867504233,0.006986257723633213,outputs/charts/0848.HK_2026-10-08.png
2026-10-08,0861.HK,2.1600000858306885,Bear,2.0461000037193298,2.387299996852875,,,1.5099999904632568,43.046364203486945,,0.11000099136695923,False,,2.0046106990588224,1.8268003758330535,1.6489900526072847,1.4711797293815159,1.293369406155747,0.13962880447488343,outputs/charts/0861.HK_2026-10-08.png
2026-10-08,0869.HK,0.4699999988079071,Bear,0.4586999988555908,0.46566000020504,,,0.38999998569488525,20.51282462753973,,8.096896670208345,True,,0.48751491660251906,0.4724236670976468,0.45733241759277454,0.44224116808790226,0.42714991858303003,0.006647493078825595,outputs/charts/0869.HK_2026-10-08.png
2026-10-08,0878.HK,6.03000020980835,Bear,6.156100053787231,6.438140031814576,,,5.900000095367432,2.203391734569489,<=10%,0.4513399153737659,False,,6.910032684297412,6.693480643073963,6.476928601850515,6.2603765606270665,6.043824519403618,0.05184589090254429,outputs/charts/0878.HK_2026-10-08.png
2026-10-08,0882.HK,2.005000114440918,Bear,2.0782999897003176,2.3597400016784666,,,1.9900000095367432,0.7537741121753418,<=10%,1.434782608695652,False,,2.1871689533591563,2.114749033260842,2.042329113162528,1.9699091930642136,1.8974892729658994,0.029359538539486797,outputs/charts/0882.HK_2026-10-08.png
2026-10-08,0921.HK,21.399999618530273,Bear,22.16359992980957,23.251519981384277,,,19.530000686645508,9.575006995076345,<=10%,1.7091485652116394,False,,23.517201983245815,22.402522290823647,21.287842598401483,20.173162905979318,19.058483213557153,0.6419399526425835,outputs/charts/0921.HK_2026-10-08.png
2026-10-08,0929.HK,0.5099999904632568,Bear,0.5326999950408936,0.6814599983692169,,,0.4699999988079071,8.510636544000942,<=10%,1.192368839427663,False,,1.3301215405581934,1.1224404869716729,0.9147594333851521,0.7070783797986313,0.49939732621211064,0.02072638005789464,outputs/charts/0929.HK_2026-10-08.png
2026-10-08,0934.HK,3.765000104904175,Bear,3.7138000249862673,3.9816400070190427,,,3.4600000381469727,8.815030733946092,<=10%,1.2332531005496774,False,,3.9357143393314415,3.8152870799560863,3.694859820580731,3.574432561205376,3.4540053018300205,0.07211487226982177,outputs/charts/0934.HK_2026-10-08.png
2026-10-08,0950.HK,1.1399999856948853,Bear,1.1667999982833863,1.3806399970054626,,,0.9900000095367432,15.151512597291036,<=20%,1.0604583683438185,False,,1.344808839568993,1.228315829584927,1.111822819600861,0.9953298096167951,0.8788367996327291,0.0433066616549979,outputs/charts/0950.HK_2026-10-08.png
2026-10-08,0954.HK,0.2849999964237213,Bear,0.23355999886989592,0.29231199955940246,,,0.20999999344348907,35.71428824849688,,4.260869565217392,True,,0.24028220258789396,0.2232151557769986,0.20614810896610325,0.1890810621552079,0.17201401534431254,0.007802311428753193,outputs/charts/0954.HK_2026-10-08.png
2026-10-08,0956.HK,3.380000114440918,Bear,3.264200005531311,3.8086400022506712,,,2.890000104904175,16.955017015578633,<=20%,0.9537832490974455,False,,3.7784471414949725,3.561430711696058,3.3444142818971434,3.1273978520982286,2.910381422299314,0.07639116549315453,outputs/charts/0956.HK_2026-10-08.png
2026-10-08,1001.HK,0.36000001430511475,Bear,0.37210000097751617,0.3927200006246567,,,0.33000001311302185,9.090909090909092,<=10%,1.0,False,,0.4377808931280629,0.41985497454935783,0.4019290559706527,0.3840031373919476,0.3660772188132425,0.003059336478941917,outputs/charts/1001.HK_2026-10-08.png
2026-10-08,1061.HK,2.0850000381469727,Bear,2.238100004196167,3.4072199983596803,,,2.009999990463257,3.731345673610183,<=10%,0.32004327345669276,False,,2.486492118968565,2.2974295293790035,2.108366939789442,1.9193043501998805,1.730241760610319,0.07403290081038275,outputs/charts/1061.HK_2026-10-08.png
2026-10-08,1062.HK,0.09799999743700027,Bear,0.08942000076174736,0.0974040000140667,,,0.06599999964237213,48.484845406096156,,0.10295230885692658,False,,0.10972887618407846,0.10016423482336861,0.09059959346265875,0.0810349521019489,0.07147031074123905,0.006784562615186201,outputs/charts/1062.HK_2026-10-08.png
2026-10-08,1075.HK,1.6799999475479126,Bear,1.7480000042915345,2.555719995498657,,,1.600000023841858,4.999995157122685,<=10%,0.0,False,"Bullish RSI6, Bullish RSI12, Bullish RSI24",1.5611750783815168,1.4181100457491613,1.2750450131168058,1.1319799804844504,0.9889149478520949,0.02023861901846678,outputs/charts/1075.HK_2026-10-08.png
2026-10-08,1085.HK,1.434999942779541,Bull,1.6852000069618225,1.6041600012779236,,,1.2100000381469727,18.595032854473246,<=20%,0.35874439461883406,False,,2.245831704349027,2.1029176190608645,1.960003533772702,1.8170894484845395,1.6741753631963767,0.07155676589591393,outputs/charts/1085.HK_2026-10-08.png
2026-10-08,1104.HK,1.8700000047683716,Bear,1.923500008583069,2.1644453125,,,1.3300000429153442,40.60149958110932,,1.583643629403507,False,,2.7763534031803445,2.4069044921153857,2.0374555810504265,1.6680066699854674,1.2985577589205084,0.10957466650481815,outputs/charts/1104.HK_2026-10-08.png
2026-10-08,1112.HK,19.84000015258789,Bull,17.117400035858154,14.128000030517578,,,10.100000381469727,96.43563765589505,,1.220258251869724,False,,20.45603381428493,19.085759501310577,17.715485188336224,16.34521087536187,14.974936562387517,0.8536431260191828,outputs/charts/1112.HK_2026-10-08.png
2026-10-08,1115.HK,0.5299999713897705,Bear,0.4470999985933304,0.5132399983406067,,,0.3799999952316284,39.47367843168257,,0.6622983963632936,False,"Bearish RSI6, Bearish RSI12",0.5719458277917179,0.5206017680106447,0.46925770822957147,0.41791364844849826,0.36656958866742506,0.024663372089441526,outputs/charts/1115.HK_2026-10-08.png
2026-10-08,1120.HK,0.5400000214576721,Bear,0.6046000134944916,0.8160000040531158,,,0.5299999713897705,1.8868020014566025,<=10%,5.3800170794193,True,,0.5681448222070076,0.50877903836989,0.4494132545327725,0.39004747069565493,0.3306816868585374,0.010906325634352246,outputs/charts/1120.HK_2026-10-08.png
2026-10-08,1123.HK,0.13500000536441803,Bull,0.13000000193715094,0.11930800014734268,,,0.10300000011920929,31.067966221527026,,0.2913453299057412,False,,0.12543493739494896,0.12056744549400479,0.11569995359306062,0.11083246169211645,0.10596496979117229,0.002296293332653455,outputs/charts/1123.HK_2026-10-08.png
2026-10-08,1132.HK,0.07800000160932541,Bull,0.08826000019907951,0.07185199998319149,,,0.052000001072883606,50.0,,0.0,False,,0.13098950258878284,0.117634338379382,0.10427917416998117,0.09092400996058034,0.07756884575117949,0.004690333788213027,outputs/charts/1132.HK_2026-10-08.png
2026-10-08,1206.HK,0.15299999713897705,Bear,0.19307999938726425,0.29047199898958204,,,0.1509999930858612,1.3245060560887627,<=10%,2.788499409216227,True,,0.15779613487978517,0.1293549854449459,0.10091383601010662,0.07247268657526734,0.04403153714042807,0.0072249445368352105,outputs/charts/1206.HK_2026-10-08.png
2026-10-08,1239.HK,0.24799999594688416,Bear,0.2700000017881393,0.372839998960495,,,0.23499999940395355,5.531913436554628,<=10%,5.0,True,,0.5580454184228951,0.473882648952335,0.38971987948177483,0.30555711001121466,0.22139434054065454,0.0015795441692049038,outputs/charts/1239.HK_2026-10-08.png
2026-10-08,1258.HK,15.279999732971191,Bull,15.731600017547608,14.403800018310546,,,10.3100004196167,48.20561698424514,,0.8753299812715053,False,,20.41429164401079,18.782500769288873,17.15070989456696,15.518919019845042,13.887128145123125,0.6634437141660737,outputs/charts/1258.HK_2026-10-08.png
2026-10-08,1260.HK,0.36000001430511475,Bear,0.39200000107288363,0.44397999835014346,,,0.33500000834465027,7.462688160516194,<=10%,0.7981651376146789,False,,0.492962576895797,0.4606799917366436,0.4283974065774902,0.3961148214183368,0.36383223625918343,0.015357303052799576,outputs/charts/1260.HK_2026-10-08.png
2026-10-08,1277.HK,1.875,Bull,1.9570000267028809,1.8020400037765503,,,1.25,50.0,,0.9059520483675642,False,,2.6486292204009203,2.4300450114799954,2.2114608025590705,1.9928765936381456,1.7742923847172207,0.07442777915250419,outputs/charts/1277.HK_2026-10-08.png
2026-10-08,1289.HK,2.1449999809265137,Bear,2.0199999976158143,2.40635999250412,,,1.7999999523162842,19.166668763867186,<=20%,0.20725388601036268,False,,2.162221537354768,2.0553450072774555,1.9484684772001433,1.841591947122831,1.7347154170455186,0.03714695534550791,outputs/charts/1289.HK_2026-10-08.png
2026-10-08,1300.HK,3.109999895095825,Bull,2.3064999961853028,1.44530000603199,,,0.30000001192092896,936.6665905051791,,0.5318442610529841,False,,5.8487162864720625,5.035668922509979,4.222621558547895,3.4095741945858116,2.596526830623728,0.41242439766191,outputs/charts/1300.HK_2026-10-08.png
2026-10-08,1345.HK,2.075000047683716,Bear,2.1922999954223634,2.2086199798583985,Death,4,1.840000033378601,12.771739676200363,<=20%,0.0,False,,2.307201768860273,2.254798859231666,2.202395949603059,2.149993039974452,2.097590130345845,0.02366487931624715,outputs/charts/1345.HK_2026-10-08.png
2026-10-08,1349.HK,2.5450000762939453,Bear,2.542000012397766,2.8197599964141844,,,2.200000047683716,15.681819142388884,<=20%,0.8186754536594422,False,,2.873440065681863,2.672093263571741,2.4707464614616192,2.269399659351498,2.068052857241376,0.10026229055858257,outputs/charts/1349.HK_2026-10-08.png
2026-10-08,1358.HK,0.9100000262260437,Bear,0.9335999965667725,1.1812399930953978,,,0.8700000047683716,4.597703590624888,<=10%,5.558605544880593,True,,1.081744643315425,1.033371702553615,0.9849987617918051,0.9366258210299951,0.8882528802681853,0.021261468293196206,outputs/charts/1358.HK_2026-10-08.png
2026-10-08,1385.HK,24.15999984741211,Bear,26.01439998626709,37.57879985809326,,,22.0,9.818181124600498,<=10%,1.7624234911883305,False,,35.328786311687,31.514435300579194,27.70008428947139,23.88573327836359,20.071382267255785,1.2254167543080934,outputs/charts/1385.HK_2026-10-08.png
2026-10-08,1419.HK,0.7900000214576721,Bear,0.7578000009059906,0.799799998998642,,,0.7099999785423279,11.267612018748096,<=20%,0.0,False,,0.7734665180254555,0.7517764439959808,0.730086369966506,0.7083962959370312,0.6867062219075565,0.014470024996493091,outputs/charts/1419.HK_2026-10-08.png
2026-10-08,1461.HK,0.6150000095367432,Bull,0.671300003528595,0.6539000029563904,Golden,15,0.47999998927116394,28.12500485063852,,4.375523925668079,True,"Bullish RSI6, Bullish RSI12, Bullish RSI24",0.7047635823225765,0.6664872466624724,0.6282109110023683,0.5899345753422641,0.55165823968216,0.020182309703223534,outputs/charts/1461.HK_2026-10-08.png
2026-10-08,1568.HK,0.6600000262260437,Bear,0.6590999972820282,0.7161000020503998,,,0.5600000023841858,17.857147038591133,<=20%,0.33212996389891697,False,,0.7493644841955539,0.7067678960900869,0.6641713079846199,0.6215747198791528,0.5789781317736857,0.015370711845281498,outputs/charts/1568.HK_2026-10-08.png
2026-10-08,1571.HK,3.509999990463257,Bear,3.729500012397766,3.9576599979400635,,,3.450000047683716,1.7391287521814438,<=10%,0.601654738548113,False,,4.486677634811409,4.289534259890894,4.09239088497038,3.895247510049865,3.6981041351293507,0.06837487784120844,outputs/charts/1571.HK_2026-10-08.png
2026-10-08,1612.HK,0.7149999737739563,Bear,0.6851000022888184,0.8324999995231629,,,0.6349999904632568,12.598422757823416,<=20%,5.4919649138992845,True,,0.7653424939834306,0.7248357340861932,0.6843289741889558,0.6438222142917184,0.603315454394481,0.022620137235458238,outputs/charts/1612.HK_2026-10-08.png
2026-10-08,1672.HK,7.545000076293945,Bear,9.508100032806396,12.49669998550415,,,7.394999980926514,2.0283988607750914,<=10%,1.8468017944646795,False,"Bullish RSI6, Bullish RSI12, Bullish RSI24",14.778431321404888,13.008766619422948,11.239101917441008,9.469437215459068,7.699772513477129,0.713001071913743,outputs/charts/1672.HK_2026-10-08.png
2026-10-08,1749.HK,0.4399999976158142,Bear,0.4609000015258789,0.6651599978208542,,,0.4000000059604645,9.999997764825855,<=10%,0.0,False,,0.6832383289872526,0.6052120776110973,0.527185826234942,0.44915957485878677,0.3711333234826315,0.007369492422642794,outputs/charts/1749.HK_2026-10-08.png
2026-10-08,1763.HK,12.890000343322754,Bear,15.315000019073487,18.812719970703125,,,12.529999732971191,2.8731094814333002,<=10%,1.3136547994592158,False,,17.37198771374718,16.456831126532165,15.541674539317148,14.62651795210213,13.711361364887114,0.5849872246446662,outputs/charts/1763.HK_2026-10-08.png
2026-10-08,1798.HK,0.9800000190734863,Bear,1.1068999922275544,1.7478999955654144,,,0.949999988079071,3.1578980390385336,<=10%,1.0928796163314813,False,,1.0279062108078785,0.9304189874317901,0.8329317640557017,0.7354445406796133,0.6379573173035249,0.04016882488927929,outputs/charts/1798.HK_2026-10-08.png
2026-10-08,1875.HK,3.5799999237060547,Bull,3.767799997329712,3.5019599895477294,,,1.7000000476837158,110.58822489939789,,1.187791178647625,False,,5.331369644331208,4.8181594409503194,4.304949237569431,3.791739034188543,3.2785288308076543,0.16579338140138405,outputs/charts/1875.HK_2026-10-08.png
2026-10-08,1878.HK,1.8700000047683716,Bear,1.7627999997138977,1.9975199980735778,,,1.4800000190734863,26.351350045186766,,0.28001757531855265,False,,1.8872387199986949,1.7491877973605612,1.6111368747224275,1.4730859520842938,1.3350350294461601,0.11045855939765938,outputs/charts/1878.HK_2026-10-08.png
2026-10-08,1900.HK,0.1459999978542328,Bear,0.17470000058412552,0.25161999893188475,,,0.14100000262260437,3.5460958429988323,<=10%,0.09856262833675565,False,,0.254833887907364,0.22839620963533946,0.20195853136331496,0.17552085309129045,0.14908317481926592,0.006659099755857117,outputs/charts/1900.HK_2026-10-08.png
2026-10-08,1905.HK,1.2000000476837158,Bull,0.9758999991416931,0.8248999972343445,,,0.7099999785423279,69.014096331015,,0.0,False,,0.9382215835051217,0.8979351246067726,0.8576486657084235,0.8173622068100743,0.7770757479117252,0.04393619197633612,outputs/charts/1905.HK_2026-10-08.png
2026-10-08,1940.HK,1.149999976158142,Bull,1.215800006389618,1.1266000068187714,,,0.6000000238418579,91.66665507687509,,0.9322974472807991,False,Bullish RSI6,1.475466491167968,1.3312119926837371,1.1869574941995065,1.0427029957152758,0.8984484972310449,0.045117979956741563,outputs/charts/1940.HK_2026-10-08.png
2026-10-08,1951.HK,2.2300000190734863,Bear,2.169000005722046,2.340800009727478,,,1.9199999570846558,16.145836922805838,<=20%,1.6915394912497839,False,,2.164814342215688,2.0607065244191123,1.956598706622537,1.8524908888259615,1.748383071029386,0.08219222786095938,outputs/charts/1951.HK_2026-10-08.png
2026-10-08,1980.HK,0.6299999952316284,Bear,0.6158999967575073,0.6672600009441376,,,0.5,25.999999046325684,,0.6091806091806092,False,,0.6501655193296227,0.6070845074107744,0.564003495491926,0.5209224835730776,0.4778414716542292,0.01738771305746849,outputs/charts/1980.HK_2026-10-08.png
2026-10-08,1981.HK,0.6499999761581421,Bear,0.6713000023365021,0.8837399988174438,,,0.550000011920929,18.18181128541315,<=20%,0.7723440134907251,False,,0.8031492936303201,0.7509088097633272,0.6986683258963342,0.6464278420293413,0.5941873581623485,0.02045689191538871,outputs/charts/1981.HK_2026-10-08.png
2026-10-08,1995.HK,1.6950000524520874,Bear,1.7572000074386596,1.7915599994659424,,,1.5399999618530273,10.06494119730717,<=20%,0.5249552975099921,False,,1.996541462623857,1.9059223896933668,1.815303316762877,1.724684243832387,1.6340651709018972,0.043453671825139414,outputs/charts/1995.HK_2026-10-08.png
2026-10-08,2136.HK,0.5649999976158142,Bear,0.5932999980449677,0.6656600008010864,,,0.550000011920929,2.7272700672307866,<=10%,0.28997990238300314,False,,0.5250683795703095,0.4934145428576603,0.4617607061450111,0.43010686943236187,0.39845303271971266,0.013200834770896832,outputs/charts/2136.HK_2026-10-08.png
2026-10-08,2142.HK,11.789999961853027,Bull,14.163199939727782,12.903919979095459,,,9.460000038146973,24.63002023583983,,1.9419005439184858,False,,17.336491883872142,16.11638038772404,14.896268891575934,13.676157395427829,12.456045899279726,0.9991668028102302,outputs/charts/2142.HK_2026-10-08.png
2026-10-08,2149.HK,32.58000183105469,Bear,32.30079990386963,38.91608009338379,,,27.3799991607666,18.991975272735885,<=20%,1.3889224961889322,False,,39.63816521595783,36.61059548620864,33.58302575645945,30.55545602671026,27.52788629696107,1.2737673747241953,outputs/charts/2149.HK_2026-10-08.png
2026-10-08,2170.HK,1.2400000095367432,Bear,1.354699990749359,1.8362999992370606,,,1.2000000476837158,3.3333300219643105,<=10%,0.42105263157894735,False,"Bullish RSI6, Bullish RSI12",1.1504908960388267,1.0601406562843425,0.9697904165298581,0.8794401767753738,0.7890899370208895,0.04122890823604582,outputs/charts/2170.HK_2026-10-08.png
2026-10-08,2179.HK,4.414999961853027,Bear,4.845200061798096,5.131480014801025,,,3.4000000953674316,29.85293641222403,,0.6896551724137931,False,,5.006994885676553,4.640657650348594,4.274320415020634,3.9079831796926747,3.5416459443647152,0.029544336123487197,outputs/charts/2179.HK_2026-10-08.png
2026-10-08,2186.HK,1.7649999856948853,Bear,1.9479000091552734,2.509380000114441,,,1.690000057220459,4.437865439944337,<=10%,1.2660491505625142,False,,1.8877995112415755,1.7244785283083817,1.5611575453751878,1.397836562441994,1.2345155795088,0.08408748386390771,outputs/charts/2186.HK_2026-10-08.png
2026-10-08,2199.HK,2.384999990463257,Bull,2.4842999935150147,2.158619990825653,,,1.6699999570846558,42.81437435643936,,0.7501995211492418,False,,2.350154703978936,2.1893544012993313,2.028554098619727,1.8677537959401223,1.7069534932605177,0.13314143345069934,outputs/charts/2199.HK_2026-10-08.png
2026-10-08,2210.HK,2.0,Bear,1.9439999890327453,2.3768760080337525,,,1.75,14.285714285714285,<=20%,0.6607929515418502,False,,1.7872597385096123,1.678988019334028,1.570716300158444,1.4624445809828601,1.354172861807276,0.04780274463670121,outputs/charts/2210.HK_2026-10-08.png
2026-10-08,2235.HK,6.989999771118164,Bear,6.984600009918213,7.297039993286133,,,5.699999809265137,22.631579035426995,,1.009386059393753,False,,7.989408360304579,7.673312264314424,7.357216168324268,7.041120072334111,6.725023976343956,0.15906357016139352,outputs/charts/2235.HK_2026-10-08.png
2026-10-08,2276.HK,35.060001373291016,Bear,39.694399757385256,46.27387994384765,,,27.260000228881836,28.61335685590023,,0.8304661198868685,False,,47.27648723918564,43.120738111555966,38.9649889839263,34.80923985629663,30.653490728666952,2.188663433564101,outputs/charts/2276.HK_2026-10-08.png
2026-10-08,2355.HK,2.799999952316284,Bear,3.0230999755859376,3.7935400114059448,,,2.674999952316284,4.672897279559292,<=10%,0.68,False,,2.972561030645541,2.8863446834461364,2.8001283362467313,2.7139119890473262,2.6276956418479216,0.07060492785717387,outputs/charts/2355.HK_2026-10-08.png
2026-10-08,2356.HK,13.710000038146973,Bull,14.568000011444092,12.425240005493164,,,9.6899995803833,41.486074632055406,,2.1054424428904737,True,,16.61374033664468,16.00390252964109,15.394064722637497,14.784226915633905,14.174389108630315,0.44926138403407134,outputs/charts/2356.HK_2026-10-08.png
2026-10-08,2367.HK,22.84000015258789,Bear,26.55160015106201,31.744240211486815,,,22.399999618530273,1.964288131923133,<=10%,1.3389555727861582,False,"Bearish RSI6, Bearish RSI12, Bearish RSI24",26.47634076150709,25.010682466582878,23.545024171658664,22.07936587673445,20.61370758181024,1.017983107717305,outputs/charts/2367.HK_2026-10-08.png
2026-10-08,2373.HK,18.06999969482422,Bear,18.660999870300294,22.669359966278076,,,15.600000381469727,15.833328544584212,<=20%,0.29201430274135876,False,,22.747656164321985,21.005811887761162,19.263967611200343,17.522123334639524,15.780279058078705,0.8653737305763027,outputs/charts/2373.HK_2026-10-08.png
2026-10-08,2488.HK,6.900000095367432,Bear,7.020499973297119,8.079740005493164,,,6.659999847412109,3.603607409219081,<=10%,0.4496955186592411,False,,7.935243307155781,7.582462354920528,7.2296814026852765,6.876900450450025,6.524119498214773,0.16984193283053967,outputs/charts/2488.HK_2026-10-08.png
2026-10-08,2497.HK,0.5849999785423279,Bull,0.5717999964952469,0.5645199966430664,,,0.39500001072883606,48.10125636779415,,0.510912199537363,False,,0.6951427361957024,0.6310555299334706,0.5669683236712388,0.5028811174090071,0.43879391114677524,0.051892166943034834,outputs/charts/2497.HK_2026-10-08.png
2026-10-08,2566.HK,5.644999980926514,Bear,5.385399990081787,7.254719999313354,,,4.599999904632568,22.71739343389,,3.9750070506409974,True,,4.7647430551176395,4.262942966016392,3.7611428769151445,3.259342787813897,2.7575426987126495,0.178540119504545,outputs/charts/2566.HK_2026-10-08.png
2026-10-08,2573.HK,4.894999980926514,Bear,5.26100001335144,6.424960012435913,,,3.299999952316284,48.33333489870786,,6.613756613756614,True,,4.829553179339428,4.15699420624759,3.484435233155751,2.8118762600639124,2.139317286972074,0.15226956197710403,outputs/charts/2573.HK_2026-10-08.png
2026-10-08,2877.HK,7.340000152587891,Bear,8.07659996032715,8.690519996643067,,,7.119999885559082,3.089891440518381,<=10%,1.3857621779328788,False,,9.130321061207228,8.662738513603289,8.19515596599935,7.72757341839541,7.259990870791471,0.2839462963520837,outputs/charts/2877.HK_2026-10-08.png
2026-10-08,2881.HK,9.600000381469727,Bull,10.15859998703003,7.703959981918335,,,4.659999847412109,106.0085986226159,,0.0,False,,15.603163188868036,14.427346447752884,13.251529706637731,12.075712965522579,10.899896224407426,0.21785042066114518,outputs/charts/2881.HK_2026-10-08.png
2026-10-08,2886.HK,1.149999976158142,Bull,1.119800000190735,1.1106800065040587,Golden,5,1.0199999809265137,12.745097810055187,<=20%,0.3350392414711573,False,,1.1062654803692442,1.080879259389172,1.0554930384091,1.0301068174290278,1.0047205964489556,0.019580639369042696,outputs/charts/2886.HK_2026-10-08.png
2026-10-08,3315.HK,0.5899999737739563,Bear,0.6239000010490418,0.7796600012779236,,,0.5899999737739563,0.0,<=10%,2.793661761788375,True,,0.5871395771082204,0.5592186687587475,0.5312977604092745,0.5033768520598014,0.4754559437103285,0.012311845662001712,outputs/charts/3315.HK_2026-10-08.png
2026-10-08,3318.HK,3.0,Bull,2.8781999921798707,2.0365200037956237,,,1.0499999523162842,185.71429868944708,,0.6170511901643113,False,,3.458795844983225,3.2702336549384348,3.0816714648936445,2.8931092748488547,2.7045470848040645,0.16715262338218106,outputs/charts/3318.HK_2026-10-08.png
2026-10-08,3330.HK,18.43000030517578,Bull,22.007200088500976,20.408320014953613,Golden,19,11.699999809265137,57.52137269764065,,1.0648599208459277,False,,28.879205820960998,25.86802242285184,22.856839024742683,19.845655626633526,16.83447222852437,1.255085248858296,outputs/charts/3330.HK_2026-10-08.png
2026-10-08,3389.HK,0.3499999940395355,Bull,0.31249999612569807,0.2080679986178875,,,0.11500000208616257,204.34781538290898,,0.8375064314454863,False,,0.46028349301701077,0.41778884025635027,0.37529418749568977,0.33279953473502927,0.29030488197436877,0.028082258476596927,outputs/charts/3389.HK_2026-10-08.png
2026-10-08,3399.HK,1.2000000476837158,Bear,1.2718000102043152,1.5135200028419495,,,1.0800000429153442,11.11111111111111,<=20%,0.74235807860262,False,,1.350147293066018,1.3051848637119363,1.2602224343578545,1.2152600050037727,1.170297575649691,0.0198077099615687,outputs/charts/3399.HK_2026-10-08.png
2026-10-08,3700.HK,0.6650000214576721,Bear,0.8355000042915344,0.9497000017166137,,,0.5699999928474426,16.666671895144344,<=20%,2.41982520269097,True,"Bullish RSI6, Bullish RSI12, Bullish RSI24",1.7291325900662717,1.5276550490553986,1.3261775080445257,1.1246999670336528,0.9232224260227797,0.04170134513168038,outputs/charts/3700.HK_2026-10-08.png
2026-10-08,3800.HK,0.7200000286102295,Bear,0.7169000029563903,0.9569000027179718,,,0.550000011920929,30.909093273572637,,1.4545263500549772,False,,0.6353813905245951,0.5697763089063782,0.5041712272881613,0.43856614566994445,0.3729610640517276,0.030301601495407695,outputs/charts/3800.HK_2026-10-08.png
2026-10-08,3828.HK,0.7200000286102295,Bear,0.7337999999523163,0.8545200009346008,,,0.699999988079071,2.857148695965302,<=10%,3.163191948238677,True,,0.778291059952671,0.7488965502751375,0.719502040597604,0.6901075309200705,0.660713021242537,0.016987999302668522,outputs/charts/3828.HK_2026-10-08.png
2026-10-08,3838.HK,0.17299999296665192,Bear,0.16792000085115433,0.1767279995083809,,,0.14000000059604645,23.571423021506313,,0.1751093961553674,False,,0.18029045562384002,0.17454099965118341,0.16879154367852683,0.16304208770587025,0.15729263173321367,0.00482016883857891,outputs/charts/3838.HK_2026-10-08.png
2026-10-08,3839.HK,7.949999809265137,Bull,8.555599908828736,7.739079959869385,,,5.5,44.545451077547945,,0.18360341662010057,False,,11.650719589940456,11.06515141764746,10.479583245354466,9.89401507306147,9.308446900768473,0.1362468910322785,outputs/charts/3839.HK_2026-10-08.png
2026-10-08,3996.HK,1.0399999618530273,Bear,1.0522999835014344,1.1731399989128113,,,1.0,3.9999961853027344,<=10%,1.7314260714170928,False,,1.3715025700609722,1.2835047728565159,1.1955069756520595,1.1075091784476032,1.0195113812431469,0.01903397118049244,outputs/charts/3996.HK_2026-10-08.png
2026-10-08,6622.HK,2.369999885559082,Bear,2.50529999256134,2.946019995689392,,,2.2799999713897705,3.9473647060816504,<=10%,2.2262059592018466,True,,2.9538044892976467,2.7719584943940756,2.5901124994905045,2.4082665045869334,2.226420509683362,0.06660597115805068,outputs/charts/6622.HK_2026-10-08.png
2026-10-08,6860.HK,0.10999999940395355,Bear,0.1183200004696846,0.16976399964094163,,,0.10899999737739563,0.9174330739619837,<=10%,3.25752508361204,True,,0.12470695395420334,0.11832051421929878,0.11193407448439421,0.10554763474948965,0.09916119501458509,0.004308588131955674,outputs/charts/6860.HK_2026-10-08.png
2026-10-08,6885.HK,0.5699999928474426,Bear,0.6254000031948089,1.0127199971675873,,,0.5099999904632568,11.76470656983444,<=20%,0.12205754141238012,False,Bearish RSI6,0.5714362328507914,0.48732457850127675,0.40321292415176213,0.3191012698022475,0.2349896154527329,0.0378706471445077,outputs/charts/6885.HK_2026-10-08.png
2026-10-08,6996.HK,3.309999942779541,Bear,3.727799997329712,4.237960003852844,,,2.759999990463257,19.927534573069636,<=20%,1.1507540637286544,False,,6.284553490531749,5.5888799215434695,4.89320635255519,4.19753278356691,3.501859214578629,0.23172885274172275,outputs/charts/6996.HK_2026-10-08.png
2026-10-08,8033.HK,0.10000000149011612,Bear,0.11405999854207038,0.12352000117301941,,,0.09600000083446503,4.166667313418449,<=10%,10.695187165775401,True,,0.11547570900650728,0.11019297066655995,0.10491023232661262,0.09962749398666529,0.09434475564671796,0.0018879586363863927,outputs/charts/8033.HK_2026-10-08.png
2026-10-08,8095.HK,0.5450000166893005,Bear,0.6268000030517578,0.9887600002288819,,,0.5099999904632568,6.862750368730701,<=10%,0.055584505819002955,False,,0.7750833797719978,0.702198329108812,0.6293132784456261,0.5564282277824403,0.48354317711925443,0.02589206094710774,outputs/charts/8095.HK_2026-10-08.png
2026-10-08,8512.HK,0.36000001430511475,Bull,0.3662000048160553,0.3503000012636185,,,0.28999999165534973,24.137939539307464,,0.834575260804769,False,,0.46965606813578586,0.44743566488435266,0.42521526163291945,0.4029948583814863,0.3807744551300531,0.012787187710640606,outputs/charts/8512.HK_2026-10-08.png
2026-10-08,9616.HK,1.75,Bear,1.9480999946594237,2.286979976654053,,,1.75,0.0,<=10%,1.6015436565364207,False,,1.9116287697346568,1.8458279236752333,1.7800270776158098,1.7142262315563863,1.6484253854969628,0.04076824525972108,outputs/charts/9616.HK_2026-10-08.png
2026-10-08,9908.HK,7.789999961853027,Bear,8.12619993209839,8.283919935226441,Death,11,7.204999923706055,8.119362169903601,<=10%,0.02995132909022838,False,,8.818456655497284,8.59815154866103,8.377846441824774,8.157541334988519,7.937236228152264,0.11847322576660914,outputs/charts/9908.HK_2026-10-08.png
2026-10-08,9926.HK,105.69999694824219,Bear,96.13800003051757,110.81919998168945,,,80.19999694824219,31.795512431822985,,1.1122307734418955,False,,138.08396418856458,124.45617129680878,110.82837840505297,97.20058551329717,83.57279262154135,5.356393955502736,outputs/charts/9926.HK_2026-10-08.png
2026-10-08,9960.HK,0.9100000262260437,Bear,0.9387000024318695,1.1212599990367889,,,0.8949999809265137,1.6759827507484213,<=10%,0.8264271864330869,False,,0.9276460698152991,0.8786893863583651,0.8297327029014313,0.7807760194444975,0.7318193359875635,0.031428755199067834,outputs/charts/9960.HK_2026-10-08.png
2026-10-08,9982.HK,0.07999999821186066,Bear,0.09046000003814697,0.10230799968540669,,,0.05400000140070915,48.14814099395572,,0.396150122518336,False,,0.10201768388701554,0.08752006443949684,0.07302244499197813,0.058524825544459425,0.04402720609694072,0.00617511784956545,outputs/charts/9982.HK_2026-10-08.png
2026-10-08,9888.HK,82.1500015258789,Bear,93.73300033569336,117.55759988403321,,,81.75,0.4892985026041667,<=10%,0.7126967925086519,False,,120.5687092785449,110.83518401336326,101.10165874818163,91.36813348300001,81.63460821781837,2.8238433646764207,outputs/charts/9888.HK_2026-10-08.png
